1,60,0,1,60,0,1,60,0,1,60,0,1,60,0,1,60,0,1,60,0,1,60,0,1,60,0,1,60,0,1,60,0,60,0,0,0,1,60,0,60,0,0,0,1,60,0,60,0,0,0,1,60,0,60,0,0,0,1,60,0,60,0,0,0,1,1505661693,0,1,1505661693,0,1,1505661693,0,1,1505661693,0,1,1505661693,0,1,60,0,60,0,0,0,1,60,0,60,0,0,0,1,60,0,60,0,0,0,1,60,0,60,0,0,0,1,60,0,60,0,0,0
1,354,0,1,354,0,1,354,0,1,354,0,1,354,0,1,354,0,1,354,0,1,354,4,3,347,34,5,344,22,1,354,0,354,0,0,0,1,354,0,354,0,0,0,1,354,2,354,4,0,0,3,347,6,347,34,0,0,5,344,5,344,22,0,0,1,5,0,1,5,0,1,5,0,3,31,6976,5,58,12741,1,354,0,354,0,0,0,1,354,0,354,0,0,0,1,354,2,354,4,0,0,3,347,6,347,34,0,0,5,344,5,344,22,0,0
2,360,36,2,360,36,2,360,36,2,360,36,2,360,36,2,360,36,2,360,36,2,360,40,4,352,100,6,348,82,2,360,6,360,36,0,0,2,360,6,360,36,0,0,2,360,6,360,40,0,0,4,352,10,352,100,0,0,6,348,9,348,82,0,0,2,2,6,2,2,6,2,3,7,4,23,5228,6,49,11172,2,360,6,360,36,0,0,2,360,6,360,36,0,0,2,360,6,360,40,0,0,4,352,10,352,100,0,0,6,348,9,348,82,0,0
1,337,0,1,337,0,1,337,0,1,337,0,1,337,0,1,337,0,1,337,0,1,337,0,1,337,0,1,337,0,1,337,0,337,0,0,0,1,337,0,337,0,0,0,1,337,0,337,0,0,0,1,337,0,337,0,0,0,1,337,0,337,0,0,0,1,1505661697,0,1,1505661697,0,1,1505661697,0,1,1505661697,0,1,1505661697,0,1,337,0,337,0,0,0,1,337,0,337,0,0,0,1,337,0,337,0,0,0,1,337,0,337,0,0,0,1,337,0,337,0,0,0
2,172,18487,2,183,18928,2,193,19154,2,198,19182,2,198,19182,2,172,18487,2,183,18928,2,193,19154,2,198,19182,2,198,19182,1,60,0,524,31826,0,0,1,60,0,483,46403,0,0,1,60,0,438,58394,0,0,1,60,0,420,62081,0,0,1,60,0,418,62389,0,0,1,1505661697,0,1,1505661697,0,1,1505661697,0,1,1505661697,0,1,1505661697,0,1,60,0,60,0,0,0,1,60,0,60,0,0,0,1,60,0,60,0,0,0,1,60,0,60,0,0,0,1,60,0,60,0,0,0
3,134,13713,3,143,14811,3,152,15825,3,156,16243,3,157,16284,3,134,13713,3,143,14811,3,152,15825,3,156,16243,3,157,16284,2,67,6,90,293,-2,0,2,67,6,97,5272,-43,0,2,67,6,209,54150,-498,0,2,67,6,322,70126,-598,0,2,67,6,331,70224,-577,0,2,735376457,5.66E+17,2,742357013,5.67E+17,2,749339370,5.67E+17,2,752481698,5.67E+17,2,752795934,5.67E+17,1,73,0,73,0,0,0,1,73,0,73,0,0,0,1,73,0,73,0,0,0,1,73,0,73,0,0,0,1,73,0,73,0,0,0
3,120,9719,3,127,11047,4,136,12389,4,140,12984,4,140,13043,3,120,9719,3,127,11047,4,136,12389,4,140,12984,4,140,13043,1,90,0,90,0,0,0,1,90,0,90,0,0,0,1,90,0,90,0,0,0,1,90,0,90,0,0,0,1,90,0,90,0,0,0,1,1505661697,0,1,1505661697,0,1,1505661697,0,1,1505661697,0,1,1505661697,0,1,90,0,90,0,0,0,1,90,0,90,0,0,0,1,90,0,90,0,0,0,1,90,0,90,0,0,0,1,90,0,90,0,0,0
1,293,1242,1,267,6264,3,200,13785,5,174,14432,5,172,14434,1,293,1242,1,267,6264,3,200,13785,5,174,14432,5,172,14434,1,298,0,298,0,0,0,1,298,0,298,0,0,0,1,298,0,298,0,0,0,1,298,0,298,0,0,0,1,298,0,298,0,0,0,1,1505661698,0,1,1505661698,0,1,1505661698,0,1,1505661698,0,1,1505661698,0,1,298,0,298,0,0,0,1,298,0,298,0,0,0,1,298,0,298,0,0,0,1,298,0,298,0,0,0,1,298,0,298,0,0,0
1,60,0,1,60,27,1,83,4909,5,149,13491,6,153,13736,1,60,0,1,60,27,1,83,4909,5,149,13491,6,153,13736,1,60,0,85,0,0,0,1,60,0,85,0,0,0,1,60,2,91,3234,-30,0,2,64,6,229,55056,-605,0,3,64,6,251,59337,-707,0,1,37,48622214056,1,37722,5.67871E+13,1,41609493,6.09E+16,2,439676404,4.69E+17,3,495929623,5.01E+17,1,60,0,85,0,0,0,1,60,0,85,0,0,0,1,60,0,85,0,0,0,1,60,0,85,0,0,0,1,60,0,85,0,0,0
2,69,81,2,69,93,2,81,2651,6,136,11811,7,142,12422,2,69,81,2,69,93,2,81,2651,6,136,11811,7,142,12422,1,78,0,78,0,0,0,1,78,0,78,0,0,0,1,78,0,78,0,0,0,1,78,0,78,0,0,0,1,78,0,78,0,0,0,1,1505661702,0,1,1505661702,0,1,1505661702,0,1,1505661702,0,1,1505661702,0,1,78,0,78,0,0,0,1,78,0,78,0,0,0,1,78,0,78,0,0,0,1,78,0,78,0,0,0,1,78,0,78,0,0,0
3,72,69,3,72,78,3,80,1816,7,127,10451,8,134,11289,3,72,69,3,72,78,3,80,1816,7,127,10451,8,134,11289,1,78,0,78,0,0,0,1,78,0,78,0,0,0,1,78,0,78,0,0,0,1,78,0,78,0,0,0,1,78,0,78,0,0,0,1,1505661702,0,1,1505661702,0,1,1505661702,0,1,1505661702,0,1,1505661702,0,1,78,0,78,0,0,0,1,78,0,78,0,0,0,1,78,0,78,0,0,0,1,78,0,78,0,0,0,1,78,0,78,0,0,0
4,74,57,4,74,65,4,79,1381,8,121,9350,9,127,10321,4,74,57,4,74,65,4,79,1381,8,121,9350,9,127,10321,1,78,0,78,0,0,0,1,78,0,78,0,0,0,1,78,0,78,0,0,0,1,78,0,78,0,0,0,1,78,0,78,0,0,0,1,1505661702,0,1,1505661702,0,1,1505661702,0,1,1505661702,0,1,1505661702,0,1,78,0,78,0,0,0,1,78,0,78,0,0,0,1,78,0,78,0,0,0,1,78,0,78,0,0,0,1,78,0,78,0,0,0
5,75,48,5,75,54,5,79,1114,9,116,8449,10,122,9494,5,75,48,5,75,54,5,79,1114,9,116,8449,10,122,9494,1,78,0,78,0,0,0,1,78,0,78,0,0,0,1,78,0,78,0,0,0,1,78,0,78,0,0,0,1,78,0,78,0,0,0,1,1505661702,0,1,1505661702,0,1,1505661702,0,1,1505661702,0,1,1505661702,0,1,78,0,78,0,0,0,1,78,0,78,0,0,0,1,78,0,78,0,0,0,1,78,0,78,0,0,0,1,78,0,78,0,0,0
6,75,42,6,75,47,6,79,933,10,112,7700,11,118,8782,6,75,42,6,75,47,6,79,933,10,112,7700,11,118,8782,1,78,0,78,0,0,0,1,78,0,78,0,0,0,1,78,0,78,0,0,0,1,78,0,78,0,0,0,1,78,0,78,0,0,0,1,1505661702,0,1,1505661702,0,1,1505661702,0,1,1505661702,0,1,1505661702,0,1,78,0,78,0,0,0,1,78,0,78,0,0,0,1,78,0,78,0,0,0,1,78,0,78,0,0,0,1,78,0,78,0,0,0
3,130,6134,4,115,5111,6,106,4471,10,124,8432,12,129,9226,3,130,6134,4,115,5111,6,106,4471,10,124,8432,12,129,9226,1,242,0,242,0,0,0,1,242,0,242,0,0,0,1,242,0,242,0,0,0,1,242,0,242,0,0,0,1,242,0,242,0,0,0,1,1505661702,0,1,1505661702,0,1,1505661702,0,1,1505661702,0,1,1505661702,0,1,242,0,242,0,0,0,1,242,0,242,0,0,0,1,242,0,242,0,0,0,1,242,0,242,0,0,0,1,242,0,242,0,0,0
4,112,5514,5,104,4593,7,99,4091,11,119,8024,13,123,8845,4,112,5514,5,104,4593,7,99,4091,11,119,8024,13,123,8845,1,60,0,60,0,0,0,1,60,0,60,0,0,0,1,60,0,60,0,0,0,1,60,0,60,0,0,0,1,60,0,60,0,0,0,1,1505661702,0,1,1505661702,0,1,1505661702,0,1,1505661702,0,1,1505661702,0,1,60,0,60,0,0,0,1,60,0,60,0,0,0,1,60,0,60,0,0,0,1,60,0,60,0,0,0,1,60,0,60,0,0,0
5,102,4853,6,97,4113,8,95,3750,12,114,7632,14,119,8474,5,102,4853,6,97,4113,8,95,3750,12,114,7632,14,119,8474,1,60,0,60,0,0,0,1,60,0,60,0,0,0,1,60,0,60,0,0,0,1,60,0,60,0,0,0,1,60,0,60,0,0,0,1,1505661702,0,1,1505661702,0,1,1505661702,0,1,1505661702,0,1,1505661702,0,1,60,0,60,0,0,0,1,60,0,60,0,0,0,1,60,0,60,0,0,0,1,60,0,60,0,0,0,1,60,0,60,0,0,0
6,95,4289,7,92,3703,9,91,3450,13,110,7263,15,115,8119,6,95,4289,7,92,3703,9,91,3450,13,110,7263,15,115,8119,1,60,0,60,0,0,0,1,60,0,60,0,0,0,1,60,0,60,0,0,0,1,60,0,60,0,0,0,1,60,0,60,0,0,0,1,1505661702,0,1,1505661702,0,1,1505661702,0,1,1505661702,0,1,1505661702,0,1,60,0,60,0,0,0,1,60,0,60,0,0,0,1,60,0,60,0,0,0,1,60,0,60,0,0,0,1,60,0,60,0,0,0
7,90,3826,8,88,3357,10,88,3189,14,106,6919,16,111,7783,7,90,3826,8,88,3357,10,88,3189,14,106,6919,16,111,7783,1,60,0,60,0,0,0,1,60,0,60,0,0,0,1,60,0,60,0,0,0,1,60,0,60,0,0,0,1,60,0,60,0,0,0,1,1505661702,0,1,1505661702,0,1,1505661702,0,1,1505661702,0,1,1505661702,0,1,60,0,60,0,0,0,1,60,0,60,0,0,0,1,60,0,60,0,0,0,1,60,0,60,0,0,0,1,60,0,60,0,0,0
8,86,3446,9,85,3066,11,85,2962,15,103,6601,17,108,7468,8,86,3446,9,85,3066,11,85,2962,15,103,6601,17,108,7468,1,60,0,60,0,0,0,1,60,0,60,0,0,0,1,60,0,60,0,0,0,1,60,0,60,0,0,0,1,60,0,60,0,0,0,1,1505661702,0,1,1505661702,0,1,1505661702,0,1,1505661702,0,1,1505661702,0,1,60,0,60,0,0,0,1,60,0,60,0,0,0,1,60,0,60,0,0,0,1,60,0,60,0,0,0,1,60,0,60,0,0,0
5,89,2785,7,87,2659,11,87,2705,16,103,6192,18,108,7050,5,89,2785,7,87,2659,11,87,2705,16,103,6192,18,108,7050,1,88,20,115,389,0,0,2,85,21,113,421,0,0,2,83,21,111,439,0,0,2,81,21,110,441,0,0,2,81,21,110,441,0,0,1,493321119,4.99E+17,2,592947833,5.41E+17,2,698805879,5.64E+17,2,747419145,5.67E+17,2,752289671,5.67E+17,1,88,20,115,389,0,0,2,85,21,113,421,0,0,2,83,21,111,439,0,0,2,81,21,110,441,0,0,2,81,21,110,441,0,0
6,92,2337,8,89,2348,12,88,2488,17,103,5831,19,108,6676,6,92,2337,8,89,2348,12,88,2488,17,103,5831,19,108,6676,1,88,20,88,389,0,0,2,85,21,85,421,0,0,2,83,21,83,439,0,0,2,81,21,81,441,0,0,2,81,21,81,441,0,0,1,493316734,4.99E+17,2,592944982,5.41E+17,2,698804889,5.64E+17,2,747419045,5.67E+17,2,752289662,5.67E+17,1,88,20,88,389,0,0,2,85,21,85,421,0,0,2,83,21,83,439,0,0,2,81,21,81,441,0,0,2,81,21,81,441,0,0
7,93,2012,9,91,2101,13,89,2304,18,103,5510,20,107,6341,7,93,2012,9,91,2101,13,89,2304,18,103,5510,20,107,6341,1,88,20,88,389,0,0,2,85,21,85,421,0,0,2,83,21,83,439,0,0,2,81,21,81,441,0,0,2,81,21,81,441,0,0,1,493644304,5E+17,2,593157945,5.41E+17,2,698878843,5.64E+17,2,747426478,5.67E+17,2,752290405,5.67E+17,1,88,20,88,389,0,0,2,85,21,85,421,0,0,2,83,21,83,439,0,0,2,81,21,81,441,0,0,2,81,21,81,441,0,0
8,94,1766,10,92,1901,14,90,2145,19,103,5222,21,107,6037,8,94,1766,10,92,1901,14,90,2145,19,103,5222,21,107,6037,1,88,20,88,389,0,0,2,85,21,85,421,0,0,2,83,21,83,439,0,0,2,81,21,81,441,0,0,2,81,21,81,441,0,0,1,493772073,5E+17,2,593240999,5.41E+17,2,698907682,5.64E+17,2,747429377,5.67E+17,2,752290695,5.67E+17,1,88,20,88,389,0,0,2,85,21,85,421,0,0,2,83,21,83,439,0,0,2,81,21,81,441,0,0,2,81,21,81,441,0,0
9,95,1573,11,93,1735,14,91,2006,20,103,4963,22,107,5761,9,95,1573,11,93,1735,14,91,2006,20,103,4963,22,107,5761,1,88,20,88,388,0,0,2,85,21,85,421,0,0,2,83,21,83,439,0,0,2,81,21,81,441,0,0,2,81,21,81,441,0,0,1,491450485,4.98E+17,2,591730802,5.41E+17,2,698383093,5.64E+17,2,747376648,5.67E+17,2,752285422,5.67E+17,1,88,20,88,388,0,0,2,85,21,85,421,0,0,2,83,21,83,439,0,0,2,81,21,81,441,0,0,2,81,21,81,441,0,0
1,98,0,1,98,0,1,98,90,12,103,4562,22,106,5497,1,98,0,1,98,0,1,98,90,12,103,4562,22,106,5497,1,98,0,115,0,0,0,1,98,0,115,0,0,0,1,98,2,119,3234,0,0,2,79,18,234,55057,-1204,0,4,73,16,254,59338,-1556,0,1,9,0,1,9,568902,1,94763,1.42659E+14,2,248671216,3.13E+17,4,363898952,4.15E+17,1,98,0,98,0,0,0,1,98,0,98,0,0,0,1,98,0,98,0,0,0,1,98,0,98,0,0,0,1,98,0,98,0,0,0
1,75,3,1,76,23,1,81,128,12,100,4245,22,105,5293,1,75,3,1,76,23,1,81,128,12,100,4245,22,105,5293,1,75,2,123,3,0,0,1,76,5,124,23,0,0,1,81,10,127,104,0,0,3,77,15,199,41387,-1253,0,5,74,14,232,52874,-1848,-1,1,2,0,1,2,26369,1,25379,3.8207E+13,3,167964654,2.25E+17,5,286777142,3.5E+17,1,75,0,75,0,0,0,1,75,0,75,0,0,0,1,75,0,75,0,0,0,1,75,0,75,0,0,0,1,75,0,75,0,0,0
1,74,1,1,75,7,2,78,75,13,98,3961,23,104,5105,1,74,1,1,75,7,2,78,75,13,98,3961,23,104,5105,1,74,0,74,0,0,0,1,74,0,74,0,0,0,1,74,0,74,0,0,0,1,74,0,74,0,0,0,1,74,0,74,0,0,0,1,1505661713,0,1,1505661713,0,1,1505661713,0,1,1505661713,0,1,1505661713,0,1,74,0,74,0,0,0,1,74,0,74,0,0,0,1,74,0,74,0,0,0,1,74,0,74,0,0,0,1,74,0,74,0,0,0
2,69,16,2,70,21,3,73,78,14,96,3740,24,102,4951,2,69,16,2,70,21,3,73,78,14,96,3740,24,102,4951,2,69,4,98,15,0,0,2,69,4,99,16,0,0,2,70,4,99,16,0,0,2,70,4,99,16,0,0,2,70,4,99,16,0,0,2,594391405,5.42E+17,2,656850290,5.58E+17,2,720681843,5.66E+17,2,749614018,5.67E+17,2,752509171,5.67E+17,2,69,4,98,15,0,0,2,69,4,99,16,0,0,2,70,4,99,16,0,0,2,70,4,99,16,0,0,2,70,4,99,16,0,0
3,94,1070,3,92,1001,4,90,847,15,99,3591,25,103,4801,3,94,1070,3,92,1001,4,90,847,15,99,3591,25,103,4801,3,95,33,118,1094,0,0,3,94,33,117,1063,0,0,3,93,32,116,1028,0,0,3,92,32,116,1010,0,0,3,92,32,116,1008,0,0,3,368335154,4.19E+17,3,418781167,4.55E+17,3,473258660,4.89E+17,3,498985386,5.02E+17,3,501596673,5.04E+17,3,95,33,118,1094,0,0,3,94,33,117,1063,0,0,3,93,32,116,1028,0,0,3,92,32,116,1010,0,0,3,92,32,116,1008,0,0
2,79,690,2,82,768,4,84,745,15,97,3421,26,102,4669,2,79,690,2,82,768,4,84,745,15,97,3421,26,102,4669,2,79,26,239,7215,-260,0,2,82,28,222,8984,-183,0,3,85,29,202,10088,315,0,4,86,30,192,10238,776,0,4,86,30,191,10239,832,0,2,165817659,2.22E+17,2,242087331,3.06E+17,3,330131667,3.88E+17,4,371756591,4.22E+17,4,375949357,4.25E+17,2,79,26,239,7215,-260,0,2,82,28,222,8984,-183,0,3,85,29,202,10088,315,0,4,86,30,192,10238,776,0,4,86,30,191,10239,832,0
3,128,4818,3,121,4302,5,111,3433,16,104,4049,27,106,4966,3,128,4818,3,121,4302,5,111,3433,16,104,4049,27,106,4966,3,129,70,260,8658,1754,0,3,123,66,240,9963,2388,0,4,116,62,217,10743,3209,1,5,112,59,206,10783,3689,1,5,112,59,205,10775,3743,1,3,105973286,1.48E+17,3,169440578,2.26E+17,4,253158820,3.17E+17,5,296194117,3.58E+17,5,300637280,3.62E+17,3,129,70,260,8658,1754,0,3,123,66,240,9963,2388,0,4,116,62,217,10743,3209,1,5,112,59,206,10783,3689,1,5,112,59,205,10775,3743,1
1,66,9,1,68,207,2,89,2232,15,101,3867,28,105,4843,1,66,9,1,68,207,2,89,2232,15,101,3867,28,105,4843,1,66,3,280,67,0,0,1,68,14,276,994,-7,0,2,89,49,235,8486,-495,0,5,103,56,202,10864,1729,0,6,104,56,200,10881,2427,0,1,103904,1.5643E+14,1,4668587,7.00751E+15,2,118168388,1.64E+17,5,239200661,3.03E+17,6,249795437,3.14E+17,1,66,3,280,67,0,0,1,68,14,276,994,-7,0,2,89,49,235,8486,-495,0,5,103,56,202,10864,1729,0,6,104,56,200,10881,2427,0
1,98,0,1,98,0,1,98,0,3,100,2715,24,105,4644,1,98,0,1,98,0,1,98,0,3,100,2715,24,105,4644,1,98,0,134,0,0,0,1,98,0,134,1,0,0,1,98,0,135,10,0,0,1,92,12,184,32269,-501,0,5,79,16,218,47648,-1876,-1,1,30,0,1,30,0,1,30,51553,1,46902644,6.84E+16,5,227462825,2.91E+17,1,98,0,139,0,0,0,1,98,0,139,0,0,0,1,98,0,139,0,0,0,1,98,0,139,0,0,0,2,98,0,139,0,0,0
2,100,4,2,100,4,2,100,4,4,101,2091,25,104,4459,2,100,4,2,100,4,2,100,4,4,101,2091,25,104,4459,1,102,0,139,153,0,0,1,102,0,137,179,0,0,1,102,0,136,194,0,0,1,100,10,133,217,5,0,3,89,19,125,420,151,1,1,40,0,1,40,0,1,40,2214835,1,84113507,1.2E+17,3,453512234,4.77E+17,1,102,0,139,153,0,0,1,102,0,137,179,0,0,1,102,0,136,194,0,0,1,100,10,133,217,5,0,3,89,19,125,420,151,1
3,101,4,3,101,4,3,101,4,5,101,1700,26,104,4288,3,101,4,3,101,4,3,101,4,5,101,1700,26,104,4288,1,102,0,140,140,0,0,1,102,0,138,173,0,0,1,102,0,136,193,0,0,1,100,10,133,217,5,0,3,89,19,125,420,151,1,1,40,0,1,40,0,1,40,2214835,1,84113506,1.2E+17,3,453512230,4.77E+17,1,102,0,140,140,0,0,1,102,0,138,173,0,0,1,102,0,136,193,0,0,1,100,10,133,217,5,0,3,89,19,125,420,151,1
4,101,3,4,101,3,4,101,3,6,101,1433,27,104,4130,4,101,3,4,101,3,4,101,3,6,101,1433,27,104,4130,1,102,0,140,144,0,0,1,102,0,138,175,0,0,1,102,0,136,193,0,0,1,100,10,133,217,5,0,3,89,19,125,420,151,1,1,40,0,1,40,0,1,40,2215524,1,84115923,1.2E+17,3,453513061,4.77E+17,1,102,0,140,144,0,0,1,102,0,138,175,0,0,1,102,0,136,193,0,0,1,100,10,133,217,5,0,3,89,19,125,420,151,1
5,101,3,5,101,3,5,101,3,7,101,1238,28,104,3983,5,101,3,5,101,3,5,101,3,7,101,1238,28,104,3983,1,102,0,139,147,0,0,1,102,0,138,176,0,0,1,102,0,136,194,0,0,1,100,10,133,217,5,0,3,89,19,125,420,151,1,1,40,0,1,40,0,1,40,2215353,1,84115381,1.2E+17,3,453513027,4.77E+17,1,102,0,139,147,0,0,1,102,0,138,176,0,0,1,102,0,136,194,0,0,1,100,10,133,217,5,0,3,89,19,125,420,151,1
6,101,2,6,101,2,6,101,2,8,101,1089,29,104,3846,6,101,2,6,101,2,6,101,2,8,101,1089,29,104,3846,1,102,0,139,150,0,0,1,102,0,138,178,0,0,1,102,0,136,194,0,0,1,100,10,133,217,5,0,3,89,19,125,420,151,1,1,40,0,1,40,0,1,40,2215646,1,84115701,1.2E+17,3,453511349,4.77E+17,1,102,0,139,150,0,0,1,102,0,138,178,0,0,1,102,0,136,194,0,0,1,100,10,133,217,5,0,3,89,19,125,420,151,1
1,60,0,1,60,3,1,72,356,7,96,1142,29,103,3779,1,60,0,1,60,3,1,72,356,7,96,1142,29,103,3779,1,60,0,115,0,0,0,1,60,1,115,0,0,0,1,62,9,116,88,0,0,2,77,18,141,11615,-120,0,6,75,16,202,42181,-1635,0,1,4,0,1,4,0,1,6,3387,2,24162503,3.58E+16,6,187610149,2.47E+17,1,60,0,85,0,0,0,1,60,0,85,0,0,0,1,60,0,85,0,0,0,1,60,0,85,0,0,0,2,60,0,85,0,0,0
1,98,0,1,98,0,1,98,0,2,97,623,25,102,3632,1,98,0,1,98,0,1,98,0,2,97,623,25,102,3632,1,98,0,115,0,0,0,1,98,0,115,0,0,0,1,98,0,116,88,0,0,1,93,13,130,7061,31,0,6,79,17,189,38604,-1440,0,1,26,0,1,26,0,1,26,0,1,6044526,9.06444E+15,6,155022249,2.09E+17,1,98,0,139,0,0,0,1,98,0,139,0,0,0,1,98,0,139,0,0,0,1,98,0,139,0,0,0,2,98,0,139,0,0,0
1,60,0,1,60,0,1,61,42,3,82,702,26,101,3557,1,60,0,1,60,0,1,61,42,3,82,702,26,101,3557,1,60,0,115,0,0,0,1,60,0,115,0,0,0,1,61,7,116,42,0,0,2,76,19,123,1863,4,0,7,76,17,179,34086,-1256,0,1,5,0,1,5,0,1,6,13,2,2933740,4.40859E+15,7,131394361,1.81E+17,1,60,0,85,0,0,0,1,60,0,85,0,0,0,1,60,0,85,0,0,0,1,60,0,85,0,0,0,2,60,0,85,0,0,0
1,102,0,1,102,2,1,98,151,3,89,556,26,101,3420,1,102,0,1,102,2,1,98,151,3,89,556,26,101,3420,1,102,0,144,0,0,0,1,102,0,144,0,0,0,1,102,0,144,0,0,0,1,102,3,143,42,0,0,3,94,17,132,325,104,0,1,38,0,1,38,0,1,38,0,1,6144639,9.21393E+15,3,298718685,3.61E+17,1,102,0,144,0,0,0,1,102,0,144,0,0,0,1,102,0,144,0,0,0,1,102,3,143,42,0,0,3,94,17,132,325,104,0
2,102,0,2,102,1,2,100,83,4,92,450,27,101,3294,2,102,0,2,102,1,2,100,83,4,92,450,27,101,3294,1,102,0,144,0,0,0,1,102,0,144,0,0,0,1,102,0,144,0,0,0,1,102,3,143,42,0,0,3,94,17,132,325,104,0,1,38,0,1,38,0,1,38,0,1,6144231,9.21332E+15,3,298717952,3.61E+17,1,102,0,144,0,0,0,1,102,0,144,0,0,0,1,102,0,144,0,0,0,1,102,3,143,42,0,0,3,94,17,132,325,104,0
3,102,0,3,102,1,3,101,57,5,94,377,28,101,3176,3,102,0,3,102,1,3,101,57,5,94,377,28,101,3176,1,102,0,144,0,0,0,1,102,0,144,0,0,0,1,102,0,144,0,0,0,1,102,3,143,42,0,0,3,94,17,132,325,104,0,1,38,0,1,38,0,1,38,0,1,6144020,9.21301E+15,3,298717911,3.61E+17,1,102,0,144,0,0,0,1,102,0,144,0,0,0,1,102,0,144,0,0,0,1,102,3,143,42,0,0,3,94,17,132,325,104,0
4,102,0,4,102,1,4,101,44,6,95,323,29,101,3067,4,102,0,4,102,1,4,101,44,6,95,323,29,101,3067,1,102,0,144,0,0,0,1,102,0,144,0,0,0,1,102,0,144,0,0,0,1,102,3,143,42,0,0,3,94,17,132,325,104,0,1,38,0,1,38,0,1,38,0,1,6143858,9.21277E+15,3,298717612,3.61E+17,1,102,0,144,0,0,0,1,102,0,144,0,0,0,1,102,0,144,0,0,0,1,102,3,143,42,0,0,3,94,17,132,325,104,0
5,102,0,5,102,0,5,101,35,7,96,282,30,101,2965,5,102,0,5,102,0,5,101,35,7,96,282,30,101,2965,1,102,0,144,0,0,0,1,102,0,144,0,0,0,1,102,0,144,0,0,0,1,102,3,143,42,0,0,3,94,17,132,325,104,0,1,38,0,1,38,0,1,38,0,1,6143518,9.21226E+15,3,298716272,3.61E+17,1,102,0,144,0,0,0,1,102,0,144,0,0,0,1,102,0,144,0,0,0,1,102,3,143,42,0,0,3,94,17,132,325,104,0
1,60,0,1,60,0,1,65,193,6,90,420,30,100,2920,1,60,0,1,60,0,1,65,193,6,90,420,30,100,2920,1,60,0,85,0,0,0,1,60,0,85,0,0,0,1,60,0,85,0,0,0,2,68,16,97,757,152,0,7,74,17,158,28328,-558,0,1,8,0,1,8,0,1,8,0,2,1528065,2.2984E+15,7,113121747,1.58E+17,1,60,0,85,0,0,0,1,60,0,85,0,0,0,1,60,0,85,0,0,0,2,60,0,85,0,0,0,3,60,0,85,0,0,0
1,98,0,1,98,0,1,98,0,3,93,287,28,100,2814,1,98,0,1,98,0,1,98,0,3,93,287,28,100,2814,1,98,0,115,0,0,0,1,98,0,115,0,0,0,1,98,0,115,0,0,0,2,86,18,111,780,57,0,7,77,18,159,28328,-713,0,1,17,0,1,17,0,1,17,0,2,604564,9.09882E+14,7,97842386,1.38E+17,1,98,0,139,0,0,0,1,98,0,139,0,0,0,1,98,0,139,0,0,0,1,98,0,139,0,0,0,3,98,0,139,0,0,0
1,60,0,1,60,0,1,61,42,3,82,432,28,98,2767,1,60,0,1,60,0,1,61,42,3,82,432,28,98,2767,1,60,0,115,0,0,0,1,60,0,115,0,0,0,1,61,7,116,42,0,0,2,74,18,114,588,16,0,8,75,17,154,25289,-652,0,1,5,0,1,5,0,1,5,4,2,325943,4.90639E+14,8,85839052,1.22E+17,1,60,0,85,0,0,0,1,60,0,85,0,0,0,1,60,0,85,0,0,0,1,60,0,85,0,0,0,4,60,0,85,0,0,0
1,102,0,1,102,0,1,102,0,2,91,342,26,98,2663,1,102,0,1,102,0,1,102,0,2,91,342,26,98,2663,1,102,0,144,0,0,0,1,102,0,144,0,0,0,1,102,0,144,0,0,0,1,102,1,144,3,0,0,3,96,14,136,243,60,0,1,39,0,1,39,0,1,39,0,1,413792,6.22801E+14,3,206396165,2.68E+17,1,102,0,144,0,0,0,1,102,0,144,0,0,0,1,102,0,144,0,0,0,1,102,1,144,3,0,0,3,96,14,136,243,60,0
2,102,0,2,102,0,2,102,0,3,94,265,27,98,2567,2,102,0,2,102,0,2,102,0,3,94,265,27,98,2567,1,102,0,144,0,0,0,1,102,0,144,0,0,0,1,102,0,144,0,0,0,1,102,1,144,3,0,0,3,96,14,136,243,60,0,1,39,0,1,39,0,1,39,0,1,413764,6.22759E+14,3,206395386,2.68E+17,1,102,0,144,0,0,0,1,102,0,144,0,0,0,1,102,0,144,0,0,0,1,102,1,144,3,0,0,3,96,14,136,243,60,0
3,102,0,3,102,0,3,102,0,4,96,215,28,99,2477,3,102,0,3,102,0,3,102,0,4,96,215,28,99,2477,1,102,0,144,0,0,0,1,102,0,144,0,0,0,1,102,0,144,0,0,0,1,102,1,144,3,0,0,3,96,14,136,243,60,0,1,39,0,1,39,0,1,39,0,1,413748,6.22734E+14,3,206395114,2.68E+17,1,102,0,144,0,0,0,1,102,0,144,0,0,0,1,102,0,144,0,0,0,1,102,1,144,3,0,0,3,96,14,136,243,60,0
4,102,0,4,102,0,4,102,0,5,97,180,29,99,2394,4,102,0,4,102,0,4,102,0,5,97,180,29,99,2394,1,102,0,144,0,0,0,1,102,0,144,0,0,0,1,102,0,144,0,0,0,1,102,1,144,3,0,0,3,96,14,136,243,60,0,1,39,0,1,39,0,1,39,0,1,413689,6.22645E+14,3,206394007,2.68E+17,1,102,0,144,0,0,0,1,102,0,144,0,0,0,1,102,0,144,0,0,0,1,102,1,144,3,0,0,3,96,14,136,243,60,0
5,102,0,5,102,0,5,102,0,6,98,154,30,99,2315,5,102,0,5,102,0,5,102,0,6,98,154,30,99,2315,1,102,0,144,0,0,0,1,102,0,144,0,0,0,1,102,0,144,0,0,0,1,102,1,144,3,0,0,3,96,14,136,243,60,0,1,39,0,1,39,0,1,39,0,1,413664,6.22609E+14,3,206392990,2.68E+17,1,102,0,144,0,0,0,1,102,0,144,0,0,0,1,102,0,144,0,0,0,1,102,1,144,3,0,0,3,96,14,136,243,60,0
1,60,0,1,60,0,1,65,188,5,91,342,30,97,2287,1,60,0,1,60,0,1,65,188,5,91,342,30,97,2287,1,60,0,85,0,0,0,1,60,0,85,0,0,0,1,60,0,85,0,0,0,2,66,13,93,286,76,0,8,73,17,140,21126,-263,0,1,17,0,1,17,0,1,17,0,2,128688,1.93722E+14,8,75406699,1.08E+17,1,60,0,85,0,0,0,1,60,0,85,0,0,0,1,60,0,85,0,0,0,1,60,0,85,0,0,0,4,60,0,85,0,0,0
1,98,0,1,98,0,1,98,7,4,93,269,30,98,2210,1,98,0,1,98,0,1,98,7,4,93,269,30,98,2210,1,98,0,115,0,0,0,1,98,0,115,0,0,0,1,98,3,115,7,0,0,2,82,19,105,415,14,0,9,76,18,142,21126,-387,0,1,8,0,1,8,0,1,8,0,2,63181,9.51092E+13,9,66834684,9.62E+16,1,98,0,139,0,0,0,1,98,0,139,0,0,0,1,98,0,139,0,0,0,1,98,0,139,0,0,0,3,98,0,139,0,0,0
1,60,1,1,60,18,1,67,223,5,85,391,30,96,2182,1,60,1,1,60,18,1,67,223,5,85,391,30,96,2182,1,60,0,60,0,0,0,1,60,0,60,0,0,0,1,60,0,60,0,0,0,1,60,0,60,0,0,0,1,60,0,60,0,0,0,1,1505661835,0,1,1505661835,0,1,1505661835,0,1,1505661835,0,1,1505661835,0,1,60,0,60,0,0,0,1,60,0,60,0,0,0,1,60,0,60,0,0,0,1,60,0,60,0,0,0,1,60,0,60,0,0,0
1,60,0,1,60,0,1,61,38,5,80,417,31,95,2153,1,60,0,1,60,0,1,61,38,5,80,417,31,95,2153,1,60,0,115,0,0,0,1,60,0,115,0,0,0,1,61,7,115,43,0,0,2,73,18,110,491,26,0,9,74,18,139,19046,-362,0,1,5,0,1,5,0,1,5,0,2,36735,5.52968E+13,9,59797303,8.65E+16,1,60,0,85,0,0,0,1,60,0,85,0,0,0,1,60,0,85,0,0,0,2,60,0,85,0,0,0,5,60,0,85,0,0,0
2,69,81,2,69,81,2,69,92,6,80,345,32,95,2094,2,69,81,2,69,81,2,69,92,6,80,345,32,95,2094,2,69,9,92,81,0,0,2,69,9,92,81,0,0,2,70,10,93,102,-5,0,3,74,15,104,408,58,0,10,75,17,135,17533,-272,0,2,2,6,2,2,6,2,3,7,3,25879,3.89549E+13,10,54099627,7.85E+16,1,78,0,78,0,0,0,1,78,0,78,0,0,0,1,78,0,78,0,0,0,1,78,0,78,0,0,0,1,78,0,78,0,0,0
1,76,31,2,75,49,2,73,74,7,79,293,33,94,2038,1,76,31,2,75,49,2,73,74,7,79,293,33,94,2038,1,76,6,160,939,20,0,2,75,7,150,1542,64,0,2,73,8,136,2019,162,0,4,75,13,123,1566,129,0,11,75,16,138,16144,-227,0,1,1,2,2,1,3,2,2,5,4,19802,2.98083E+13,11,49377102,7.19E+16,1,78,0,78,0,0,0,1,78,0,78,0,0,0,1,78,0,78,0,0,0,1,78,0,78,0,0,0,1,78,0,78,0,0,0
1,75,9,2,74,22,3,73,49,7,79,256,34,93,1989,1,75,9,2,74,22,3,73,49,7,79,256,34,93,1989,1,74,0,74,0,0,0,1,74,0,74,0,0,0,1,74,0,74,0,0,0,1,74,0,74,0,0,0,1,74,0,74,0,0,0,1,1505661839,0,1,1505661839,0,1,1505661839,0,1,1505661839,0,1,1505661839,0,1,74,0,74,0,0,0,1,74,0,74,0,0,0,1,74,0,74,0,0,0,1,74,0,74,0,0,0,1,74,0,74,0,0,0
2,70,23,2,71,29,4,71,46,8,77,243,35,93,1953,2,70,23,2,71,29,4,71,46,8,77,243,35,93,1953,2,69,4,101,16,0,0,2,70,4,102,16,0,0,2,70,4,102,16,0,0,2,70,4,102,16,0,0,2,70,4,102,16,0,0,2,640912364,5.54E+17,2,685359946,5.62E+17,2,730286829,5.66E+17,2,750575843,5.67E+17,2,752605411,5.67E+17,2,69,4,101,16,0,0,2,70,4,102,16,0,0,2,70,4,102,16,0,0,2,70,4,102,16,0,0,2,70,4,102,16,0,0
1,102,0,1,102,0,1,102,0,3,85,299,31,93,1892,1,102,0,1,102,0,1,102,0,3,85,299,31,93,1892,1,102,0,144,0,0,0,1,102,0,144,0,0,0,1,102,0,144,0,0,0,1,102,0,144,0,0,0,3,98,12,139,181,33,0,1,39,0,1,39,0,1,39,0,1,27665,4.15942E+13,3,146885641,2E+17,1,102,0,144,0,0,0,1,102,0,144,0,0,0,1,102,0,144,0,0,0,1,102,0,144,0,0,0,3,98,12,139,181,33,0
2,102,0,2,102,0,2,102,0,4,89,277,32,93,1836,2,102,0,2,102,0,2,102,0,4,89,277,32,93,1836,1,102,0,144,0,0,0,1,102,0,144,0,0,0,1,102,0,144,0,0,0,1,102,0,144,0,0,0,3,98,12,139,181,33,0,1,39,0,1,39,0,1,39,0,1,27665,4.1594E+13,3,146885247,2E+17,1,102,0,144,0,0,0,1,102,0,144,0,0,0,1,102,0,144,0,0,0,1,102,0,144,0,0,0,3,98,12,139,181,33,0
1,98,0,1,98,0,1,98,2,4,92,223,32,93,1780,1,98,0,1,98,0,1,98,2,4,92,223,32,93,1780,1,98,0,144,642,0,0,1,98,0,146,904,0,0,1,98,0,144,1256,0,0,2,88,14,130,1206,62,0,11,77,17,138,14891,-244,0,1,25,0,1,25,0,1,25,0,2,8682,1.30488E+13,11,44747462,6.54E+16,1,98,0,139,0,0,0,1,98,0,139,0,0,0,1,98,0,139,0,0,0,1,98,0,139,0,0,0,4,98,0,139,0,0,0
1,61,23,1,63,105,1,73,328,5,85,341,33,92,1758,1,61,23,1,63,105,1,73,328,5,85,341,33,92,1758,1,61,5,86,37,0,0,1,63,10,89,158,9,0,1,72,18,102,437,94,0,3,77,18,114,724,102,0,12,76,17,132,12742,-257,0,1,2,9,1,3,40,1,8,116,3,5392,8.10369E+12,12,40882738,5.99E+16,1,60,0,85,0,0,0,1,60,0,85,0,0,0,1,60,0,85,0,0,0,1,60,0,85,0,0,0,5,60,0,85,0,0,0
1,98,0,1,98,0,1,98,0,2,93,174,28,93,1697,1,98,0,1,98,0,1,98,0,2,93,174,28,93,1697,1,98,0,115,29,0,0,1,98,0,117,118,0,0,1,98,0,122,312,0,0,1,93,13,124,673,23,0,10,78,17,133,12742,-322,0,1,29,0,1,29,0,1,29,0,1,1437,2.12673E+12,10,36980296,5.43E+16,1,98,0,139,0,0,0,1,98,0,139,0,0,0,1,98,0,139,0,0,0,1,98,0,139,0,0,0,4,98,0,139,0,0,0
1,102,0,1,102,0,1,102,0,2,97,114,28,93,1639,1,102,0,1,102,0,1,102,0,2,97,114,28,93,1639,1,102,0,144,0,0,0,1,102,0,144,0,0,0,1,102,0,144,0,0,0,1,102,0,144,0,0,0,4,99,11,140,135,18,0,1,39,0,1,39,0,1,39,0,1,1886,2.78102E+12,4,106601455,1.49E+17,1,102,0,144,0,0,0,1,102,0,144,0,0,0,1,102,0,144,0,0,0,1,102,0,144,0,0,0,4,99,11,140,135,18,0
2,102,0,2,102,0,2,102,0,3,99,84,29,93,1585,2,102,0,2,102,0,2,102,0,3,99,84,29,93,1585,1,102,0,144,0,0,0,1,102,0,144,0,0,0,1,102,0,144,0,0,0,1,102,0,144,0,0,0,4,99,11,140,135,18,0,1,39,0,1,39,0,1,39,0,1,1886,2.78102E+12,4,106601247,1.49E+17,1,102,0,144,0,0,0,1,102,0,144,0,0,0,1,102,0,144,0,0,0,1,102,0,144,0,0,0,4,99,11,140,135,18,0
3,102,0,3,102,0,3,102,0,4,99,66,30,94,1535,3,102,0,3,102,0,3,102,0,4,99,66,30,94,1535,1,102,0,144,0,0,0,1,102,0,144,0,0,0,1,102,0,144,0,0,0,1,102,0,144,0,0,0,3,98,12,139,171,25,0,1,78,0,1,78,0,1,78,0,1,2048,2.96618E+12,3,134811130,1.85E+17,1,102,0,144,0,0,0,1,102,0,144,0,0,0,1,102,0,144,0,0,0,1,102,0,144,0,0,0,3,98,12,139,171,25,0
4,102,0,4,102,0,4,102,0,5,100,54,31,94,1488,4,102,0,4,102,0,4,102,0,5,100,54,31,94,1488,1,102,0,144,0,0,0,1,102,0,144,0,0,0,1,102,0,144,0,0,0,1,102,0,144,0,0,0,3,98,12,139,171,25,0,1,78,0,1,78,0,1,78,0,1,2048,2.96631E+12,3,134810873,1.85E+17,1,102,0,144,0,0,0,1,102,0,144,0,0,0,1,102,0,144,0,0,0,1,102,0,144,0,0,0,3,98,12,139,171,25,0
5,102,0,5,102,0,5,102,0,6,100,46,32,94,1443,5,102,0,5,102,0,5,102,0,6,100,46,32,94,1443,1,102,0,144,0,0,0,1,102,0,144,0,0,0,1,102,0,144,0,0,0,1,102,0,144,0,0,0,3,98,12,139,171,25,0,1,78,0,1,78,0,1,78,0,1,2048,2.96635E+12,3,134810496,1.85E+17,1,102,0,144,0,0,0,1,102,0,144,0,0,0,1,102,0,144,0,0,0,1,102,0,144,0,0,0,3,98,12,139,171,25,0
5,94,271,6,94,261,6,95,249,7,95,235,33,93,1434,5,94,271,6,94,261,6,95,249,7,95,235,33,93,1434,1,60,0,115,0,0,0,1,60,0,115,0,0,0,1,61,7,116,42,0,0,2,76,19,121,407,-10,0,11,76,17,132,11618,-296,0,1,5,0,1,5,0,1,6,17,2,706,1.04089E+12,11,33654494,4.95E+16,1,60,0,85,0,0,0,1,60,0,85,0,0,0,1,60,0,85,0,0,0,1,60,0,85,0,0,0,5,60,0,85,0,0,0
1,60,0,1,60,0,1,65,186,6,89,362,33,92,1422,1,60,0,1,60,0,1,65,186,6,89,362,33,92,1422,1,60,0,85,0,0,0,1,60,0,85,0,0,0,1,60,1,85,2,0,0,2,69,16,98,396,157,1,12,75,17,125,10082,-103,0,1,5,0,1,5,0,1,5,0,2,410,6.02308E+11,12,30785741,4.54E+16,1,60,0,85,0,0,0,1,60,0,85,0,0,0,1,60,0,85,0,0,0,2,60,0,85,0,0,0,6,60,0,85,0,0,0
1,98,0,1,98,0,1,98,0,3,93,237,30,92,1375,1,98,0,1,98,0,1,98,0,3,93,237,30,92,1375,1,98,0,115,0,0,0,1,98,0,115,0,0,0,1,98,0,115,1,0,0,2,87,17,112,416,61,0,11,77,18,126,10083,-164,0,1,20,0,1,20,0,1,20,0,2,165,2.24378E+11,11,28040306,4.14E+16,1,98,0,139,0,0,0,1,98,0,139,0,0,0,1,98,0,139,0,0,0,1,98,0,139,0,0,0,4,98,0,139,0,0,0
1,60,0,1,60,0,1,61,42,3,81,396,30,91,1363,1,60,0,1,60,0,1,61,42,3,81,396,30,91,1363,1,60,0,115,0,0,0,1,60,0,115,0,0,0,1,61,7,116,42,0,0,2,74,18,115,452,12,0,12,76,17,125,9231,-151,0,1,5,0,1,5,0,1,5,7,2,90,1.18862E+11,12,25670241,3.8E+16,1,60,0,85,0,0,0,1,60,0,85,0,0,0,1,60,0,85,0,0,0,1,60,0,85,0,0,0,6,60,0,85,0,0,0
1,102,0,1,102,0,1,102,4,2,89,345,29,92,1319,1,102,0,1,102,0,1,102,4,2,89,345,29,92,1319,1,102,0,144,0,0,0,1,102,0,144,0,0,0,1,102,0,144,0,0,0,1,102,0,144,0,0,0,4,100,9,141,101,10,0,1,39,0,1,39,0,1,39,0,1,163,1.86122E+11,4,78417317,1.12E+17,1,102,0,144,0,0,0,1,102,0,144,0,0,0,1,102,0,144,0,0,0,1,102,0,144,0,0,0,4,100,9,141,101,10,0
2,102,0,2,102,0,2,102,2,3,93,280,30,92,1279,2,102,0,2,102,0,2,102,2,3,93,280,30,92,1279,1,102,0,144,0,0,0,1,102,0,144,0,0,0,1,102,0,144,0,0,0,1,102,0,144,0,0,0,4,100,9,141,101,10,0,1,39,0,1,39,0,1,39,0,1,162,1.85807E+11,4,78413439,1.12E+17,1,102,0,144,0,0,0,1,102,0,144,0,0,0,1,102,0,144,0,0,0,1,102,0,144,0,0,0,4,100,9,141,101,10,0
3,102,0,3,102,0,3,102,1,4,95,232,31,92,1240,3,102,0,3,102,0,3,102,1,4,95,232,31,92,1240,1,102,0,144,0,0,0,1,102,0,144,0,0,0,1,102,0,144,0,0,0,1,102,0,144,0,0,0,3,99,10,141,120,11,0,1,39,0,1,39,0,1,39,0,1,165,1.8659E+11,3,92678942,1.31E+17,1,102,0,144,0,0,0,1,102,0,144,0,0,0,1,102,0,144,0,0,0,1,102,0,144,0,0,0,3,99,10,141,120,11,0
4,102,0,4,102,0,4,102,1,5,96,197,32,92,1204,4,102,0,4,102,0,4,102,1,5,96,197,32,92,1204,1,102,0,144,0,0,0,1,102,0,144,0,0,0,1,102,0,144,0,0,0,1,102,0,144,0,0,0,3,99,10,141,120,11,0,1,39,0,1,39,0,1,39,0,1,165,1.86601E+11,3,92678816,1.31E+17,1,102,0,144,0,0,0,1,102,0,144,0,0,0,1,102,0,144,0,0,0,1,102,0,144,0,0,0,3,99,10,141,120,11,0
5,102,0,5,102,0,5,102,1,6,97,171,33,93,1170,5,102,0,5,102,0,5,102,1,6,97,171,33,93,1170,1,102,0,144,0,0,0,1,102,0,144,0,0,0,1,102,0,144,0,0,0,1,102,0,144,0,0,0,3,99,10,141,120,11,0,1,39,0,1,39,0,1,39,0,1,165,1.86599E+11,3,92678954,1.31E+17,1,102,0,144,0,0,0,1,102,0,144,0,0,0,1,102,0,144,0,0,0,1,102,0,144,0,0,0,3,99,10,141,120,11,0
1,60,0,1,60,0,1,65,189,6,90,344,33,92,1166,1,60,0,1,60,0,1,65,189,6,90,344,33,92,1166,1,60,0,85,0,0,0,1,60,0,85,0,0,0,1,60,0,85,0,0,0,2,66,14,94,290,91,0,12,74,17,119,8006,-11,0,1,14,0,1,14,0,1,14,0,2,48,52954443501,12,23482523,3.48E+16,1,60,0,85,0,0,0,1,60,0,85,0,0,0,1,60,0,85,0,0,0,1,60,0,85,0,0,0,6,60,0,85,0,0,0
1,98,0,1,98,0,1,98,1,4,93,259,31,92,1130,1,98,0,1,98,0,1,98,1,4,93,259,31,92,1130,1,98,0,115,0,0,0,1,98,0,115,0,0,0,1,98,1,115,1,0,0,2,84,18,107,398,24,0,12,76,18,121,8006,-69,0,1,11,0,1,11,0,1,11,0,2,28,24163709598,12,21504170,3.19E+16,1,98,0,139,0,0,0,1,98,0,139,0,0,0,1,98,0,139,0,0,0,1,98,0,139,0,0,0,4,98,0,139,0,0,0
1,60,0,1,60,0,1,61,42,4,83,401,31,91,1126,1,60,0,1,60,0,1,61,42,4,83,401,31,91,1126,1,60,0,115,0,0,0,1,60,0,115,0,0,0,1,61,7,115,42,0,0,2,73,18,111,473,19,0,12,75,18,120,7362,-61,0,1,5,0,1,5,0,1,5,1,2,18,13659533907,12,19779040,2.94E+16,1,60,0,85,0,0,0,1,60,0,85,0,0,0,1,60,0,85,0,0,0,1,60,0,85,0,0,0,7,60,0,85,0,0,0
1,102,0,1,102,0,1,102,0,2,93,290,29,91,1090,1,102,0,1,102,0,1,102,0,2,93,290,29,91,1090,1,102,0,144,0,0,0,1,102,0,144,0,0,0,1,102,0,144,0,0,0,1,102,0,144,0,0,0,4,100,8,142,76,5,0,1,39,0,1,39,0,1,39,0,1,47,12435745290,4,58235959,8.43E+16,1,102,0,144,0,0,0,1,102,0,144,0,0,0,1,102,0,144,0,0,0,1,102,0,144,0,0,0,4,100,8,142,76,5,0
2,102,0,2,102,0,2,102,0,3,96,214,30,92,1057,2,102,0,2,102,0,2,102,0,3,96,214,30,92,1057,1,102,0,144,0,0,0,1,102,0,144,0,0,0,1,102,0,144,0,0,0,1,102,0,144,0,0,0,4,100,8,142,76,5,0,1,39,0,1,39,0,1,39,0,1,47,12434335779,4,58233820,8.43E+16,1,102,0,144,0,0,0,1,102,0,144,0,0,0,1,102,0,144,0,0,0,1,102,0,144,0,0,0,4,100,8,142,76,5,0
3,102,0,3,102,0,3,102,0,4,97,169,31,92,1026,3,102,0,3,102,0,3,102,0,4,97,169,31,92,1026,1,102,0,144,0,0,0,1,102,0,144,0,0,0,1,102,0,144,0,0,0,1,102,0,144,0,0,0,3,100,9,142,86,6,0,1,39,0,1,39,0,1,39,0,1,47,12438190106,3,65749851,9.47E+16,1,102,0,144,0,0,0,1,102,0,144,0,0,0,1,102,0,144,0,0,0,1,102,0,144,0,0,0,3,100,9,142,86,6,0
4,102,0,4,102,0,4,102,0,5,98,139,32,92,997,4,102,0,4,102,0,4,102,0,5,98,139,32,92,997,1,102,0,144,0,0,0,1,102,0,144,0,0,0,1,102,0,144,0,0,0,1,102,0,144,0,0,0,3,100,9,142,86,6,0,1,39,0,1,39,0,1,39,0,1,47,12438934956,3,65749902,9.47E+16,1,102,0,144,0,0,0,1,102,0,144,0,0,0,1,102,0,144,0,0,0,1,102,0,144,0,0,0,3,100,9,142,86,6,0
5,102,0,5,102,0,5,102,0,6,99,118,33,93,969,5,102,0,5,102,0,5,102,0,6,99,118,33,93,969,1,102,0,144,0,0,0,1,102,0,144,0,0,0,1,102,0,144,0,0,0,1,102,0,144,0,0,0,3,100,9,142,86,6,0,1,39,0,1,39,0,1,39,0,1,47,12438762485,3,65749945,9.47E+16,1,102,0,144,0,0,0,1,102,0,144,0,0,0,1,102,0,144,0,0,0,1,102,0,144,0,0,0,3,100,9,142,86,6,0
1,60,0,1,60,0,1,62,85,5,91,341,32,92,971,1,60,0,1,60,0,1,62,85,5,91,341,32,92,971,1,60,0,85,0,0,0,1,60,0,85,0,0,0,1,60,0,85,0,0,0,1,64,12,89,161,31,0,12,74,17,114,5948,66,0,1,24,0,1,24,0,1,24,0,1,22,4076395050,12,18063489,2.69E+16,1,60,0,85,0,0,0,1,60,0,85,0,0,0,1,60,0,85,0,0,0,1,60,0,85,0,0,0,7,60,0,85,0,0,0
2,60,0,2,60,0,2,61,45,6,85,417,33,91,971,2,60,0,2,60,0,2,61,45,6,85,417,33,91,971,2,60,0,85,0,0,0,2,60,0,85,0,0,0,2,60,0,85,0,0,0,2,62,9,88,121,27,0,13,73,17,113,5947,90,0,2,12,148,2,12,148,2,12,148,2,13,2395583449,13,16621772,2.48E+16,2,60,0,85,0,0,0,2,60,0,85,0,0,0,2,60,0,85,0,0,0,2,60,0,85,0,0,0,8,60,0,85,0,0,0
1,93,163,1,87,301,2,78,362,7,87,373,34,91,944,1,93,163,1,87,301,2,78,362,7,87,373,34,91,944,1,93,13,111,163,0,0,1,87,17,105,301,0,0,2,77,19,98,358,0,0,3,73,18,96,338,2,0,13,74,18,114,5948,39,0,1,2,34,1,4,71,2,7,113,3,9,1670228745,13,15387267,2.29E+16,1,98,0,139,0,0,0,1,98,0,139,0,0,0,1,98,0,139,0,0,0,1,98,0,139,0,0,0,5,98,0,139,0,0,0
1,60,0,1,60,0,1,61,42,6,83,417,34,90,943,1,60,0,1,60,0,1,61,42,6,83,417,34,90,943,1,60,0,114,28,0,0,1,60,0,112,125,0,0,1,61,6,103,351,17,0,3,69,16,101,425,98,0,14,73,17,114,5529,44,0,1,5,0,1,5,0,1,5,7,3,8,1169228880,14,14288556,2.13E+16,1,60,0,85,0,0,0,1,60,0,85,0,0,0,1,60,0,85,0,0,0,3,60,0,85,0,0,0,8,60,0,85,0,0,0
1,98,0,1,98,0,1,98,0,2,90,267,29,90,913,1,98,0,1,98,0,1,98,0,2,90,267,29,90,913,1,98,0,115,0,0,0,1,98,0,115,0,0,0,1,98,0,115,41,0,0,2,87,17,112,397,42,0,13,75,18,114,5195,25,0,1,25,0,1,25,0,1,25,0,2,19,431990564,13,13169627,1.97E+16,1,98,0,139,0,0,0,1,98,0,139,0,0,0,1,98,0,139,0,0,0,1,98,0,139,0,0,0,5,98,0,139,0,0,0
1,102,0,1,102,0,1,101,3,3,95,202,30,91,887,1,102,0,1,102,0,1,101,3,3,95,202,30,91,887,1,102,0,144,0,0,0,1,102,0,144,0,0,0,1,102,0,144,0,0,0,1,102,0,144,0,0,0,4,101,7,143,57,3,0,1,39,0,1,39,0,1,39,0,1,40,831328584,4,43547158,6.37E+16,1,102,0,144,0,0,0,1,102,0,144,0,0,0,1,102,0,144,0,0,0,1,102,0,144,0,0,0,4,101,7,143,57,3,0
2,102,0,2,102,0,2,101,2,4,97,159,31,91,863,2,102,0,2,102,0,2,101,2,4,97,159,31,91,863,1,102,0,144,0,0,0,1,102,0,144,0,0,0,1,102,0,144,0,0,0,1,102,0,144,0,0,0,4,101,7,143,57,3,0,1,39,0,1,39,0,1,39,0,1,40,831321861,4,43545962,6.37E+16,1,102,0,144,0,0,0,1,102,0,144,0,0,0,1,102,0,144,0,0,0,1,102,0,144,0,0,0,4,101,7,143,57,3,0
3,102,0,3,102,0,3,102,1,5,98,131,32,91,840,3,102,0,3,102,0,3,102,1,5,98,131,32,91,840,1,102,0,144,0,0,0,1,102,0,144,0,0,0,1,102,0,144,0,0,0,1,102,0,144,0,0,0,4,101,7,142,63,3,0,1,39,0,1,39,0,1,39,0,1,40,831363431,4,47616253,6.94E+16,1,102,0,144,0,0,0,1,102,0,144,0,0,0,1,102,0,144,0,0,0,1,102,0,144,0,0,0,4,101,7,142,63,3,0
4,102,0,4,102,0,4,102,1,6,98,111,33,92,817,4,102,0,4,102,0,4,102,1,6,98,111,33,92,817,1,102,0,144,0,0,0,1,102,0,144,0,0,0,1,102,0,144,0,0,0,1,102,0,144,0,0,0,4,101,7,142,63,3,0,1,39,0,1,39,0,1,39,0,1,40,831401913,4,47616363,6.94E+16,1,102,0,144,0,0,0,1,102,0,144,0,0,0,1,102,0,144,0,0,0,1,102,0,144,0,0,0,4,101,7,142,63,3,0
5,102,0,5,102,0,5,102,1,7,99,96,34,92,796,5,102,0,5,102,0,5,102,1,7,99,96,34,92,796,1,102,0,144,0,0,0,1,102,0,144,0,0,0,1,102,0,144,0,0,0,1,102,0,144,0,0,0,4,101,7,142,63,3,0,1,39,0,1,39,0,1,39,0,1,40,831412748,4,47616358,6.94E+16,1,102,0,144,0,0,0,1,102,0,144,0,0,0,1,102,0,144,0,0,0,1,102,0,144,0,0,0,4,101,7,142,63,3,0